observation_date,INDPRO
1919-01-01,4.8654
1919-02-01,4.6504
1919-03-01,4.5160
1919-04-01,4.5966
1919-05-01,4.6235
1919-06-01,4.9192
1919-07-01,5.2149
1919-08-01,5.2955
1919-09-01,5.1880
1919-10-01,5.1342
1919-11-01,5.0536
1919-12-01,5.1342
1920-01-01,5.6181
1920-02-01,5.6181
1920-03-01,5.5106
1920-04-01,5.2149
1920-05-01,5.3493
1920-06-01,5.4030
1920-07-01,5.2686
1920-08-01,5.2955
1920-09-01,5.1073
1920-10-01,4.8923
1920-11-01,4.4891
1920-12-01,4.2203
1921-01-01,3.9784
1921-02-01,3.8977
1921-03-01,3.7902
1921-04-01,3.7902
1921-05-01,3.8977
1921-06-01,3.8708
1921-07-01,3.8439
1921-08-01,3.9784
1921-09-01,4.0052
1921-10-01,4.2472
1921-11-01,4.1934
1921-12-01,4.1665
1922-01-01,4.3278
1922-02-01,4.5160
1922-03-01,4.7579
1922-04-01,4.5966
1922-05-01,4.8385
1922-06-01,5.0805
1922-07-01,5.0805
1922-08-01,4.9729
1922-09-01,5.2417
1922-10-01,5.5374
1922-11-01,5.7794
1922-12-01,5.9406
1923-01-01,5.8062
1923-02-01,5.8869
1923-03-01,6.0751
1923-04-01,6.2095
1923-05-01,6.2901
1923-06-01,6.2363
1923-07-01,6.1826
1923-08-01,6.0751
1923-09-01,5.9406
1923-10-01,5.9138
1923-11-01,5.9138
1923-12-01,5.7794
1924-01-01,5.9138
1924-02-01,6.0213
1924-03-01,5.9138
1924-04-01,5.7256
1924-05-01,5.4837
1924-06-01,5.2417
1924-07-01,5.1611
1924-08-01,5.3493
1924-09-01,5.5374
1924-10-01,5.6718
1924-11-01,5.7794
1924-12-01,5.9406
1925-01-01,6.1288
1925-02-01,6.1288
1925-03-01,6.1288
1925-04-01,6.1826
1925-05-01,6.1557
1925-06-01,6.1019
1925-07-01,6.2632
1925-08-01,6.1557
1925-09-01,6.0751
1925-10-01,6.3170
1925-11-01,6.4514
1925-12-01,6.5320
1926-01-01,6.4245
1926-02-01,6.4245
1926-03-01,6.5051
1926-04-01,6.5051
1926-05-01,6.4514
1926-06-01,6.5320
1926-07-01,6.5589
1926-08-01,6.6396
1926-09-01,6.7471
1926-10-01,6.7471
1926-11-01,6.7202
1926-12-01,6.6933
1927-01-01,6.6664
1927-02-01,6.7202
1927-03-01,6.8008
1927-04-01,6.6396
1927-05-01,6.6933
1927-06-01,6.6664
1927-07-01,6.5858
1927-08-01,6.5858
1927-09-01,6.4783
1927-10-01,6.3439
1927-11-01,6.3439
1927-12-01,6.3707
1928-01-01,6.5051
1928-02-01,6.5589
1928-03-01,6.6127
1928-04-01,6.5858
1928-05-01,6.6664
1928-06-01,6.7202
1928-07-01,6.8008
1928-08-01,6.9352
1928-09-01,6.9890
1928-10-01,7.1234
1928-11-01,7.2578
1928-12-01,7.3922
1929-01-01,7.4997
1929-02-01,7.4728
1929-03-01,7.4997
1929-04-01,7.6341
1929-05-01,7.7685
1929-06-01,7.8223
1929-07-01,7.9298
1929-08-01,7.8492
1929-09-01,7.7954
1929-10-01,7.6610
1929-11-01,7.2847
1929-12-01,6.9621
1930-01-01,6.9621
1930-02-01,6.9352
1930-03-01,6.8277
1930-04-01,6.7740
1930-05-01,6.6664
1930-06-01,6.4783
1930-07-01,6.1826
1930-08-01,6.0482
1930-09-01,5.9406
1930-10-01,5.7794
1930-11-01,5.6450
1930-12-01,5.5106
1931-01-01,5.4837
1931-02-01,5.5106
1931-03-01,5.6181
1931-04-01,5.6450
1931-05-01,5.5643
1931-06-01,5.4299
1931-07-01,5.3493
1931-08-01,5.1611
1931-09-01,4.9192
1931-10-01,4.7310
1931-11-01,4.6772
1931-12-01,4.6504
1932-01-01,4.5160
1932-02-01,4.4084
1932-03-01,4.3547
1932-04-01,4.0590
1932-05-01,3.9246
1932-06-01,3.7902
1932-07-01,3.6827
1932-08-01,3.7902
1932-09-01,4.0321
1932-10-01,4.1665
1932-11-01,4.1665
1932-12-01,4.0859
1933-01-01,4.0052
1933-02-01,4.0321
1933-03-01,3.7902
1933-04-01,4.0590
1933-05-01,4.7310
1933-06-01,5.4568
1933-07-01,5.9675
1933-08-01,5.7256
1933-09-01,5.4030
1933-10-01,5.1342
1933-11-01,4.8385
1933-12-01,4.8654
1934-01-01,5.0267
1934-02-01,5.2686
1934-03-01,5.5106
1934-04-01,5.5106
1934-05-01,5.6181
1934-06-01,5.5106
1934-07-01,5.1342
1934-08-01,5.0805
1934-09-01,4.7848
1934-10-01,4.9998
1934-11-01,5.0536
1934-12-01,5.3761
1935-01-01,5.8062
1935-02-01,5.9138
1935-03-01,5.8869
1935-04-01,5.7794
1935-05-01,5.7794
1935-06-01,5.8600
1935-07-01,5.8600
1935-08-01,6.0750
1935-09-01,6.2363
1935-10-01,6.4245
1935-11-01,6.5589
1935-12-01,6.6395
1936-01-01,6.5320
1936-02-01,6.3707
1936-03-01,6.4514
1936-04-01,6.8546
1936-05-01,6.9890
1936-06-01,7.1234
1936-07-01,7.2578
1936-08-01,7.3653
1936-09-01,7.4997
1936-10-01,7.6073
1936-11-01,7.8223
1936-12-01,8.0642
1937-01-01,8.0373
1937-02-01,8.1449
1937-03-01,8.3330
1937-04-01,8.3330
1937-05-01,8.3599
1937-06-01,8.2524
1937-07-01,8.3062
1937-08-01,8.2524
1937-09-01,7.9836
1937-10-01,7.3922
1937-11-01,6.6664
1937-12-01,6.0750
1938-01-01,5.9406
1938-02-01,5.8869
1938-03-01,5.8869
1938-04-01,5.7794
1938-05-01,5.6450
1938-06-01,5.6987
1938-07-01,6.0213
1938-08-01,6.3439
1938-09-01,6.5320
1938-10-01,6.6933
1938-11-01,6.9621
1938-12-01,7.0428
1939-01-01,7.0428
1939-02-01,7.0965
1939-03-01,7.1234
1939-04-01,7.0965
1939-05-01,7.0696
1939-06-01,7.2309
1939-07-01,7.4460
1939-08-01,7.5535
1939-09-01,8.0105
1939-10-01,8.4137
1939-11-01,8.6287
1939-12-01,8.6287
1940-01-01,8.5212
1940-02-01,8.2524
1940-03-01,8.0642
1940-04-01,8.2255
1940-05-01,8.4674
1940-06-01,8.7362
1940-07-01,8.8438
1940-08-01,8.8975
1940-09-01,9.0857
1940-10-01,9.2201
1940-11-01,9.4351
1940-12-01,9.7577
1941-01-01,9.9996
1941-02-01,10.2953
1941-03-01,10.6179
1941-04-01,10.6448
1941-05-01,11.1286
1941-06-01,11.2093
1941-07-01,11.3437
1941-08-01,11.4781
1941-09-01,11.4781
1941-10-01,11.5856
1941-11-01,11.6394
1941-12-01,11.8275
1942-01-01,12.0695
1942-02-01,12.2845
1942-03-01,12.4189
1942-04-01,12.0695
1942-05-01,12.0963
1942-06-01,12.1232
1942-07-01,12.4189
1942-08-01,12.7952
1942-09-01,13.0909
1942-10-01,13.5210
1942-11-01,13.8436
1942-12-01,14.1662
1943-01-01,14.3006
1943-02-01,14.6769
1943-03-01,14.7844
1943-04-01,14.9726
1943-05-01,15.0801
1943-06-01,14.9995
1943-07-01,15.4564
1943-08-01,15.7790
1943-09-01,16.1822
1943-10-01,16.4241
1943-11-01,16.6392
1943-12-01,16.4241
1944-01-01,16.6123
1944-02-01,16.7467
1944-03-01,16.7198
1944-04-01,16.7198
1944-05-01,16.6123
1944-06-01,16.5585
1944-07-01,16.5317
1944-08-01,16.7467
1944-09-01,16.6392
1944-10-01,16.6930
1944-11-01,16.5585
1944-12-01,16.5048
1945-01-01,16.3435
1945-02-01,16.2897
1945-03-01,16.1822
1945-04-01,15.8865
1945-05-01,15.4564
1945-06-01,15.1070
1945-07-01,14.7576
1945-08-01,13.2253
1945-09-01,12.0426
1945-10-01,11.5587
1945-11-01,11.9888
1945-12-01,12.0426
1946-01-01,11.3706
1946-02-01,10.8061
1946-03-01,11.9351
1946-04-01,11.7200
1946-05-01,11.2899
1946-06-01,11.9888
1946-07-01,12.3920
1946-08-01,12.8490
1946-09-01,13.0909
1946-10-01,13.3329
1946-11-01,13.4135
1946-12-01,13.4941
1947-01-01,13.6554
1947-02-01,13.7361
1947-03-01,13.8167
1947-04-01,13.7092
1947-05-01,13.7629
1947-06-01,13.7629
1947-07-01,13.6823
1947-08-01,13.7629
1947-09-01,13.8705
1947-10-01,14.0049
1947-11-01,14.1930
1947-12-01,14.2468
1948-01-01,14.3274
1948-02-01,14.3543
1948-03-01,14.1931
1948-04-01,14.2199
1948-05-01,14.4618
1948-06-01,14.6500
1948-07-01,14.6500
1948-08-01,14.5962
1948-09-01,14.4887
1948-10-01,14.5963
1948-11-01,14.4081
1948-12-01,14.2737
1949-01-01,14.1393
1949-02-01,14.0049
1949-03-01,13.7361
1949-04-01,13.6554
1949-05-01,13.4673
1949-06-01,13.4404
1949-07-01,13.4135
1949-08-01,13.5479
1949-09-01,13.6823
1949-10-01,13.1716
1949-11-01,13.5210
1949-12-01,13.7629
1950-01-01,14.0049
1950-02-01,14.0586
1950-03-01,14.5156
1950-04-01,14.9995
1950-05-01,15.3489
1950-06-01,15.8059
1950-07-01,16.3166
1950-08-01,16.8274
1950-09-01,16.7198
1950-10-01,16.8273
1950-11-01,16.8005
1950-12-01,17.0962
1951-01-01,17.1499
1951-02-01,17.2575
1951-03-01,17.3381
1951-04-01,17.3650
1951-05-01,17.3112
1951-06-01,17.2306
1951-07-01,16.9618
1951-08-01,16.8005
1951-09-01,16.9080
1951-10-01,16.8811
1951-11-01,17.0155
1951-12-01,17.1230
1952-01-01,17.3112
1952-02-01,17.4187
1952-03-01,17.4725
1952-04-01,17.3112
1952-05-01,17.1499
1952-06-01,16.9886
1952-07-01,16.7198
1952-08-01,17.7951
1952-09-01,18.4402
1952-10-01,18.6284
1952-11-01,19.0047
1952-12-01,19.1122
1953-01-01,19.1660
1953-02-01,19.2735
1953-03-01,19.4348
1953-04-01,19.5154
1953-05-01,19.6229
1953-06-01,19.5423
1953-07-01,19.7842
1953-08-01,19.6767
1953-09-01,19.2735
1953-10-01,19.1122
1953-11-01,18.6553
1953-12-01,18.1983
1954-01-01,18.0639
1954-02-01,18.1176
1954-03-01,18.0101
1954-04-01,17.9026
1954-05-01,18.0101
1954-06-01,18.0639
1954-07-01,18.0907
1954-08-01,18.0639
1954-09-01,18.0908
1954-10-01,18.3058
1954-11-01,18.6015
1954-12-01,18.8434
1955-01-01,19.2735
1955-02-01,19.5154
1955-03-01,19.9724
1955-04-01,20.2143
1955-05-01,20.5369
1955-06-01,20.5638
1955-07-01,20.7251
1955-08-01,20.6982
1955-09-01,20.8326
1955-10-01,21.1820
1955-11-01,21.2358
1955-12-01,21.3164
1956-01-01,21.4508
1956-02-01,21.2627
1956-03-01,21.2627
1956-04-01,21.4240
1956-05-01,21.2358
1956-06-01,21.0476
1956-07-01,20.4025
1956-08-01,21.2358
1956-09-01,21.7197
1956-10-01,21.9078
1956-11-01,21.7197
1956-12-01,22.0422
1957-01-01,21.9616
1957-02-01,22.1766
1957-03-01,22.1498
1957-04-01,21.8541
1957-05-01,21.7734
1957-06-01,21.8272
1957-07-01,21.9616
1957-08-01,21.9616
1957-09-01,21.7734
1957-10-01,21.4508
1957-11-01,20.9401
1957-12-01,20.5369
1958-01-01,20.1606
1958-02-01,19.7305
1958-03-01,19.4885
1958-04-01,19.1660
1958-05-01,19.3541
1958-06-01,19.8649
1958-07-01,20.1606
1958-08-01,20.5638
1958-09-01,20.7520
1958-10-01,20.9939
1958-11-01,21.6121
1958-12-01,21.6390
1959-01-01,21.9616
1959-02-01,22.3917
1959-03-01,22.7142
1959-04-01,23.1981
1959-05-01,23.5476
1959-06-01,23.5744
1959-07-01,23.0099
1959-08-01,22.2304
1959-09-01,22.2035
1959-10-01,22.0422
1959-11-01,22.1766
1959-12-01,23.5475
1960-01-01,24.1658
1960-02-01,23.9508
1960-03-01,23.7357
1960-04-01,23.5476
1960-05-01,23.5207
1960-06-01,23.2250
1960-07-01,23.1443
1960-08-01,23.1175
1960-09-01,22.8755
1960-10-01,22.8487
1960-11-01,22.5261
1960-12-01,22.0960
1961-01-01,22.1229
1961-02-01,22.0960
1961-03-01,22.2304
1961-04-01,22.6874
1961-05-01,23.0368
1961-06-01,23.3594
1961-07-01,23.6282
1961-08-01,23.8432
1961-09-01,23.8164
1961-10-01,24.2733
1961-11-01,24.6497
1961-12-01,24.8647
1962-01-01,24.6496
1962-02-01,25.0529
1962-03-01,25.1873
1962-04-01,25.2410
1962-05-01,25.2141
1962-06-01,25.1604
1962-07-01,25.4023
1962-08-01,25.4292
1962-09-01,25.5905
1962-10-01,25.6174
1962-11-01,25.7249
1962-12-01,25.7249
1963-01-01,25.9130
1963-02-01,26.2088
1963-03-01,26.3700
1963-04-01,26.6120
1963-05-01,26.9345
1963-06-01,27.0152
1963-07-01,26.9076
1963-08-01,26.9614
1963-09-01,27.2302
1963-10-01,27.4184
1963-11-01,27.5528
1963-12-01,27.4990
1964-01-01,27.7409
1964-02-01,27.9291
1964-03-01,27.9291
1964-04-01,28.3861
1964-05-01,28.5474
1964-06-01,28.6280
1964-07-01,28.8162
1964-08-01,29.0043
1964-09-01,29.1119
1964-10-01,28.7087
1964-11-01,29.5957
1964-12-01,29.9452
1965-01-01,30.2677
1965-02-01,30.4559
1965-03-01,30.8591
1965-04-01,30.9935
1965-05-01,31.2354
1965-06-01,31.4774
1965-07-01,31.7731
1965-08-01,31.9075
1965-09-01,31.9881
1965-10-01,32.3107
1965-11-01,32.4451
1965-12-01,32.8483
1966-01-01,33.1709
1966-02-01,33.3859
1966-03-01,33.8429
1966-04-01,33.8967
1966-05-01,34.2192
1966-06-01,34.3805
1966-07-01,34.5687
1966-08-01,34.5955
1966-09-01,34.9181
1966-10-01,35.1600
1966-11-01,34.9181
1966-12-01,34.9987
1967-01-01,35.1638
1967-02-01,34.7650
1967-03-01,34.5691
1967-04-01,34.8951
1967-05-01,34.5907
1967-06-01,34.5863
1967-07-01,34.5076
1967-08-01,35.1687
1967-09-01,35.1116
1967-10-01,35.3976
1967-11-01,35.9038
1967-12-01,36.2905
1968-01-01,36.2514
1968-02-01,36.3813
1968-03-01,36.4949
1968-04-01,36.5477
1968-05-01,36.9577
1968-06-01,37.0934
1968-07-01,37.0366
1968-08-01,37.1399
1968-09-01,37.2806
1968-10-01,37.3546
1968-11-01,37.8378
1968-12-01,37.9573
1969-01-01,38.1869
1969-02-01,38.4313
1969-03-01,38.7326
1969-04-01,38.5901
1969-05-01,38.4443
1969-06-01,38.8198
1969-07-01,39.0248
1969-08-01,39.1145
1969-09-01,39.1057
1969-10-01,39.1171
1969-11-01,38.7484
1969-12-01,38.6444
1970-01-01,37.9288
1970-02-01,37.9038
1970-03-01,37.8546
1970-04-01,37.7573
1970-05-01,37.7133
1970-06-01,37.5913
1970-07-01,37.6836
1970-08-01,37.6164
1970-09-01,37.3571
1970-10-01,36.6098
1970-11-01,36.3881
1970-12-01,37.2237
1971-01-01,37.5101
1971-02-01,37.4386
1971-03-01,37.3980
1971-04-01,37.6080
1971-05-01,37.7989
1971-06-01,37.9574
1971-07-01,37.8472
1971-08-01,37.6276
1971-09-01,38.2391
1971-10-01,38.5253
1971-11-01,38.6888
1971-12-01,39.1355
1972-01-01,40.0728
1972-02-01,40.4789
1972-03-01,40.7610
1972-04-01,41.1654
1972-05-01,41.1693
1972-06-01,41.2778
1972-07-01,41.2389
1972-08-01,41.8050
1972-09-01,42.1288
1972-10-01,42.6703
1972-11-01,43.1755
1972-12-01,43.6617
1973-01-01,43.9783
1973-02-01,44.6103
1973-03-01,44.6294
1973-04-01,44.5680
1973-05-01,44.8608
1973-06-01,44.9186
1973-07-01,45.0850
1973-08-01,45.0221
1973-09-01,45.3801
1973-10-01,45.7462
1973-11-01,45.9548
1973-12-01,45.8252
1974-01-01,45.5207
1974-02-01,45.3825
1974-03-01,45.3798
1974-04-01,45.2470
1974-05-01,45.6083
1974-06-01,45.5216
1974-07-01,45.6136
1974-08-01,45.1303
1974-09-01,45.1377
1974-10-01,44.9950
1974-11-01,43.5148
1974-12-01,41.9503
1975-01-01,41.3689
1975-02-01,40.4252
1975-03-01,39.9804
1975-04-01,40.0572
1975-05-01,39.9402
1975-06-01,40.1927
1975-07-01,40.6115
1975-08-01,41.0114
1975-09-01,41.5422
1975-10-01,41.7224
1975-11-01,41.7797
1975-12-01,42.3462
1976-01-01,42.9082
1976-02-01,43.3407
1976-03-01,43.4281
1976-04-01,43.6518
1976-05-01,43.8315
1976-06-01,43.8775
1976-07-01,44.1248
1976-08-01,44.4262
1976-09-01,44.5711
1976-10-01,44.5600
1976-11-01,45.2454
1976-12-01,45.7310
1977-01-01,45.4156
1977-02-01,46.1358
1977-03-01,46.7158
1977-04-01,47.1719
1977-05-01,47.5410
1977-06-01,47.9063
1977-07-01,47.9714
1977-08-01,48.0157
1977-09-01,48.2097
1977-10-01,48.2839
1977-11-01,48.3755
1977-12-01,48.4573
1978-01-01,47.7512
1978-02-01,48.0098
1978-03-01,48.9358
1978-04-01,49.9074
1978-05-01,50.1513
1978-06-01,50.4751
1978-07-01,50.4371
1978-08-01,50.6393
1978-09-01,50.7631
1978-10-01,51.1523
1978-11-01,51.5456
1978-12-01,51.8060
1979-01-01,51.5250
1979-02-01,51.7780
1979-03-01,51.9382
1979-04-01,51.3251
1979-05-01,51.7782
1979-06-01,51.7865
1979-07-01,51.7029
1979-08-01,51.3658
1979-09-01,51.3623
1979-10-01,51.7175
1979-11-01,51.6341
1979-12-01,51.6694
1980-01-01,51.9440
1980-02-01,51.9633
1980-03-01,51.7454
1980-04-01,50.7197
1980-05-01,49.4766
1980-06-01,48.8383
1980-07-01,48.4907
1980-08-01,48.6456
1980-09-01,49.4578
1980-10-01,50.0861
1980-11-01,50.9209
1980-12-01,51.2570
1981-01-01,50.9328
1981-02-01,50.7237
1981-03-01,50.9806
1981-04-01,50.7661
1981-05-01,51.0552
1981-06-01,51.3214
1981-07-01,51.6555
1981-08-01,51.5903
1981-09-01,51.3429
1981-10-01,50.9463
1981-11-01,50.3546
1981-12-01,49.8086
1982-01-01,48.7877
1982-02-01,49.7839
1982-03-01,49.4477
1982-04-01,48.9913
1982-05-01,48.6669
1982-06-01,48.5415
1982-07-01,48.3775
1982-08-01,47.9382
1982-09-01,47.8139
1982-10-01,47.3575
1982-11-01,47.2078
1982-12-01,46.8713
1983-01-01,47.7398
1983-02-01,47.4484
1983-03-01,47.8426
1983-04-01,48.4483
1983-05-01,48.7470
1983-06-01,49.0434
1983-07-01,49.7739
1983-08-01,50.3640
1983-09-01,51.0937
1983-10-01,51.4902
1983-11-01,51.7210
1983-12-01,51.9769
1984-01-01,53.0088
1984-02-01,53.2486
1984-03-01,53.5028
1984-04-01,53.8233
1984-05-01,54.1104
1984-06-01,54.3075
1984-07-01,54.4587
1984-08-01,54.5239
1984-09-01,54.3696
1984-10-01,54.3474
1984-11-01,54.5290
1984-12-01,54.5556
1985-01-01,54.5270
1985-02-01,54.6871
1985-03-01,54.7673
1985-04-01,54.6467
1985-05-01,54.7396
1985-06-01,54.7110
1985-07-01,54.4365
1985-08-01,54.6121
1985-09-01,54.8147
1985-10-01,54.6228
1985-11-01,54.8123
1985-12-01,55.3553
1986-01-01,55.6453
1986-02-01,55.2634
1986-03-01,54.8728
1986-04-01,54.9350
1986-05-01,55.0399
1986-06-01,54.8260
1986-07-01,55.1670
1986-08-01,55.0726
1986-09-01,55.2237
1986-10-01,55.4589
1986-11-01,55.6763
1986-12-01,56.2078
1987-01-01,55.9911
1987-02-01,56.7373
1987-03-01,56.8136
1987-04-01,57.1850
1987-05-01,57.5424
1987-06-01,57.8502
1987-07-01,58.2421
1987-08-01,58.6784
1987-09-01,58.9088
1987-10-01,59.7008
1987-11-01,59.9956
1987-12-01,60.3246
1988-01-01,60.3090
1988-02-01,60.6122
1988-03-01,60.7452
1988-04-01,61.1080
1988-05-01,60.9843
1988-06-01,61.1615
1988-07-01,61.1710
1988-08-01,61.4771
1988-09-01,61.2785
1988-10-01,61.5488
1988-11-01,61.7049
1988-12-01,61.9851
1989-01-01,62.1677
1989-02-01,61.8916
1989-03-01,62.0508
1989-04-01,62.0289
1989-05-01,61.6871
1989-06-01,61.6857
1989-07-01,61.0896
1989-08-01,61.6847
1989-09-01,61.4794
1989-10-01,61.4014
1989-11-01,61.6081
1989-12-01,61.9588
1990-01-01,61.6352
1990-02-01,62.1951
1990-03-01,62.4916
1990-04-01,62.3511
1990-05-01,62.5353
1990-06-01,62.7479
1990-07-01,62.6435
1990-08-01,62.8704
1990-09-01,62.8839
1990-10-01,62.4973
1990-11-01,61.7175
1990-12-01,61.2885
1991-01-01,61.0842
1991-02-01,60.6387
1991-03-01,60.2973
1991-04-01,60.4524
1991-05-01,61.0587
1991-06-01,61.5514
1991-07-01,61.7201
1991-08-01,61.7289
1991-09-01,62.2369
1991-10-01,62.1718
1991-11-01,62.0894
1991-12-01,61.8060
1992-01-01,61.4823
1992-02-01,61.9192
1992-03-01,62.4403
1992-04-01,62.9199
1992-05-01,63.1268
1992-06-01,63.1624
1992-07-01,63.7348
1992-08-01,63.3802
1992-09-01,63.5834
1992-10-01,64.0178
1992-11-01,64.2628
1992-12-01,64.3599
1993-01-01,64.6135
1993-02-01,64.9262
1993-03-01,64.8627
1993-04-01,65.0423
1993-05-01,64.8006
1993-06-01,64.9476
1993-07-01,65.1142
1993-08-01,65.0421
1993-09-01,65.3749
1993-10-01,65.8630
1993-11-01,66.1696
1993-12-01,66.5531
1994-01-01,66.7591
1994-02-01,66.8019
1994-03-01,67.4704
1994-04-01,67.8707
1994-05-01,68.1870
1994-06-01,68.6450
1994-07-01,68.7317
1994-08-01,69.1882
1994-09-01,69.3935
1994-10-01,69.9576
1994-11-01,70.4288
1994-12-01,71.1273
1995-01-01,71.2635
1995-02-01,71.1758
1995-03-01,71.2796
1995-04-01,71.1538
1995-05-01,71.4997
1995-06-01,71.7327
1995-07-01,71.4334
1995-08-01,72.3723
1995-09-01,72.6543
1995-10-01,72.5336
1995-11-01,72.7170
1995-12-01,72.9638
1996-01-01,72.5712
1996-02-01,73.6207
1996-03-01,73.5141
1996-04-01,74.2491
1996-05-01,74.8142
1996-06-01,75.3726
1996-07-01,75.3738
1996-08-01,75.7557
1996-09-01,76.2302
1996-10-01,76.2157
1996-11-01,76.8973
1996-12-01,77.3772
1997-01-01,77.5135
1997-02-01,78.4255
1997-03-01,78.9197
1997-04-01,78.9848
1997-05-01,79.4296
1997-06-01,79.7971
1997-07-01,80.4666
1997-08-01,81.2825
1997-09-01,82.0327
1997-10-01,82.7656
1997-11-01,83.4270
1997-12-01,83.7840
1998-01-01,84.1564
1998-02-01,84.3066
1998-03-01,84.3420
1998-04-01,84.6339
1998-05-01,85.1867
1998-06-01,84.6809
1998-07-01,84.3445
1998-08-01,86.0816
1998-09-01,86.0023
1998-10-01,86.5910
1998-11-01,86.5115
1998-12-01,86.8615
1999-01-01,87.2205
1999-02-01,87.7260
1999-03-01,87.9125
1999-04-01,88.1082
1999-05-01,88.6483
1999-06-01,88.5903
1999-07-01,89.1098
1999-08-01,89.5007
1999-09-01,89.1304
1999-10-01,90.2709
1999-11-01,90.7528
1999-12-01,91.4784
2000-01-01,91.4092
2000-02-01,91.7245
2000-03-01,92.0830
2000-04-01,92.6659
2000-05-01,92.9347
2000-06-01,93.0018
2000-07-01,92.8373
2000-08-01,92.5910
2000-09-01,92.9827
2000-10-01,92.6400
2000-11-01,92.6604
2000-12-01,92.3457
2001-01-01,91.8908
2001-02-01,91.2851
2001-03-01,91.0585
2001-04-01,90.7384
2001-05-01,90.2607
2001-06-01,89.7811
2001-07-01,89.2352
2001-08-01,89.1570
2001-09-01,88.6749
2001-10-01,88.4051
2001-11-01,87.8860
2001-12-01,87.8518
2002-01-01,88.4634
2002-02-01,88.4578
2002-03-01,89.1265
2002-04-01,89.5507
2002-05-01,89.9348
2002-06-01,90.6736
2002-07-01,90.6436
2002-08-01,90.5505
2002-09-01,90.6373
2002-10-01,90.3988
2002-11-01,90.8947
2002-12-01,90.3906
2003-01-01,91.1369
2003-02-01,91.2505
2003-03-01,91.0006
2003-04-01,90.4311
2003-05-01,90.4000
2003-06-01,90.5196
2003-07-01,90.9869
2003-08-01,90.7933
2003-09-01,91.3819
2003-10-01,91.5049
2003-11-01,92.1265
2003-12-01,92.1732
2004-01-01,92.3268
2004-02-01,92.8995
2004-03-01,92.5368
2004-04-01,92.8957
2004-05-01,93.5845
2004-06-01,92.8651
2004-07-01,93.5502
2004-08-01,93.6301
2004-09-01,93.7353
2004-10-01,94.5695
2004-11-01,94.8015
2004-12-01,95.5415
2005-01-01,95.8785
2005-02-01,96.5709
2005-03-01,96.4345
2005-04-01,96.6347
2005-05-01,96.7251
2005-06-01,97.1483
2005-07-01,96.8397
2005-08-01,97.1584
2005-09-01,95.2764
2005-10-01,96.4411
2005-11-01,97.5016
2005-12-01,97.9723
2006-01-01,98.1270
2006-02-01,98.1687
2006-03-01,98.3913
2006-04-01,98.6826
2006-05-01,98.7074
2006-06-01,99.0398
2006-07-01,98.9751
2006-08-01,99.4047
2006-09-01,99.2246
2006-10-01,99.1229
2006-11-01,99.0963
2006-12-01,100.1125
2007-01-01,99.7546
2007-02-01,100.7166
2007-03-01,100.8952
2007-04-01,101.5723
2007-05-01,101.6269
2007-06-01,101.6547
2007-07-01,101.4953
2007-08-01,101.6943
2007-09-01,101.9428
2007-10-01,101.6446
2007-11-01,102.2167
2007-12-01,102.2764
2008-01-01,102.1493
2008-02-01,101.7756
2008-03-01,101.4508
2008-04-01,100.7554
2008-05-01,100.1336
2008-06-01,99.8728
2008-07-01,99.4194
2008-08-01,97.8491
2008-09-01,93.5576
2008-10-01,94.4985
2008-11-01,93.2617
2008-12-01,90.6266
2009-01-01,88.3712
2009-02-01,87.8430
2009-03-01,86.4689
2009-04-01,85.7903
2009-05-01,84.9436
2009-06-01,84.6746
2009-07-01,85.6853
2009-08-01,86.6393
2009-09-01,87.3821
2009-10-01,87.5809
2009-11-01,87.9388
2009-12-01,88.2404
2010-01-01,89.1897
2010-02-01,89.5046
2010-03-01,90.1356
2010-04-01,90.4607
2010-05-01,91.7014
2010-06-01,91.9033
2010-07-01,92.2549
2010-08-01,92.5936
2010-09-01,92.8533
2010-10-01,92.6033
2010-11-01,92.6686
2010-12-01,93.5916
2011-01-01,93.3889
2011-02-01,93.0045
2011-03-01,93.9684
2011-04-01,93.6571
2011-05-01,93.7723
2011-06-01,94.0493
2011-07-01,94.4958
2011-08-01,95.0974
2011-09-01,95.0244
2011-10-01,95.6891
2011-11-01,95.6778
2011-12-01,96.1809
2012-01-01,96.7595
2012-02-01,97.0662
2012-03-01,96.5609
2012-04-01,97.2510
2012-05-01,97.4595
2012-06-01,97.4768
2012-07-01,97.6714
2012-08-01,97.2734
2012-09-01,97.2217
2012-10-01,97.5311
2012-11-01,97.9084
2012-12-01,98.1884
2013-01-01,98.1736
2013-02-01,98.6434
2013-03-01,99.0470
2013-04-01,98.9445
2013-05-01,99.0383
2013-06-01,99.2221
2013-07-01,98.8987
2013-08-01,99.4897
2013-09-01,100.0210
2013-10-01,99.9037
2013-11-01,100.1582
2013-12-01,100.3740
2014-01-01,99.9899
2014-02-01,100.7471
2014-03-01,101.7435
2014-04-01,101.8273
2014-05-01,102.2392
2014-06-01,102.5774
2014-07-01,102.7954
2014-08-01,102.6322
2014-09-01,102.9417
2014-10-01,102.9611
2014-11-01,103.5978
2014-12-01,103.6151
2015-01-01,102.7923
2015-02-01,102.1366
2015-03-01,101.7869
2015-04-01,101.2255
2015-05-01,100.7675
2015-06-01,100.4588
2015-07-01,101.0893
2015-08-01,100.9165
2015-09-01,100.6330
2015-10-01,100.1563
2015-11-01,99.4366
2015-12-01,98.9471
2016-01-01,99.4391
2016-02-01,98.9232
2016-03-01,98.1635
2016-04-01,98.4775
2016-05-01,98.2549
2016-06-01,98.7315
2016-07-01,98.8452
2016-08-01,98.7427
2016-09-01,98.6552
2016-10-01,98.7237
2016-11-01,98.3443
2016-12-01,99.0406
2017-01-01,98.8158
2017-02-01,98.4356
2017-03-01,99.0492
2017-04-01,100.0416
2017-05-01,100.1280
2017-06-01,100.3370
2017-07-01,100.0865
2017-08-01,99.6323
2017-09-01,99.7482
2017-10-01,100.9893
2017-11-01,101.2493
2017-12-01,101.4871
2018-01-01,101.4852
2018-02-01,101.7319
2018-03-01,102.1943
2018-04-01,103.3551
2018-05-01,102.3810
2018-06-01,103.2256
2018-07-01,103.3561
2018-08-01,104.0585
2018-09-01,104.1038
2018-10-01,103.9297
2018-11-01,104.0126
2018-12-01,104.0451
2019-01-01,103.3598
2019-02-01,102.8251
2019-03-01,102.8361
2019-04-01,102.2748
2019-05-01,102.4176
2019-06-01,102.5425
2019-07-01,102.0057
2019-08-01,102.7814
2019-09-01,102.4601
2019-10-01,101.5878
2019-11-01,102.1494
2019-12-01,101.9421
2020-01-01,101.3372
2020-02-01,101.6718
2020-03-01,97.6060
2020-04-01,84.6812
2020-05-01,86.0108
2020-06-01,91.6745
2020-07-01,95.0037
2020-08-01,95.9294
2020-09-01,95.8914
2020-10-01,96.5256
2020-11-01,96.9529
2020-12-01,98.2039
2021-01-01,98.8135
2021-02-01,95.5072
2021-03-01,98.1929
2021-04-01,98.3317
2021-05-01,99.1867
2021-06-01,99.6483
2021-07-01,100.0668
2021-08-01,100.0412
2021-09-01,98.9955
2021-10-01,100.3542
2021-11-01,101.2684
2021-12-01,101.1948
2022-01-01,101.2146
2022-02-01,101.8458
2022-03-01,102.6732
2022-04-01,102.9024
2022-05-01,102.9659
2022-06-01,102.8224
2022-07-01,103.0505
2022-08-01,103.1703
2022-09-01,103.5326
2022-10-01,103.4442
2022-11-01,103.1058
2022-12-01,101.8266
2023-01-01,102.7476
2023-02-01,102.8003
2023-03-01,102.8143
2023-04-01,103.2241
2023-05-01,102.9809
2023-06-01,102.3809
2023-07-01,103.0722
2023-08-01,103.0951
2023-09-01,103.3081
2023-10-01,102.5781
2023-11-01,102.8868
2023-12-01,102.6309
2024-01-01,101.4830
2024-02-01,102.7267
2024-03-01,102.5186
2024-04-01,102.3568
2024-05-01,102.9797
2024-06-01,103.2534
2024-07-01,102.5192
2024-08-01,103.0196
2024-09-01,102.5954
2024-10-01,102.2669
2024-11-01,102.0231
2024-12-01,103.1654
2025-01-01,103.4350
2025-02-01,104.2062
